Cash,RealizedPL
77641.49166813603,27638.988504548095
